CICLO,ID_ENTIDAD_FEDERATIVA,ENTIDAD_FEDERATIVA,MONTO_IMPUESTOS,MONTO_DERECHOS,MONTO_PREDIAL,MONTO_AGUA,TOTAL_RECAUDACION_LOCAL,MONTO_RECAUDADO_PERCAPITA ,LUGAR_NACIONAL_PERCAPITA,PROMEDIO_RECAUDACION_PERCAPITA_NACIONAL,POBLACION
2004,01,Aguascalientes,54341000,138490000,99333635,350558724,642723359,681,15,798,944285
2005,01,Aguascalientes,77628000,203470000,106979007,392084179,780161186,732,16,842,1065416
2006,01,Aguascalientes,174415000,177776000,111779710,445213089,909183799,853,16,951,1065416
2007,01,Aguascalientes,329679000,210972000,122742263,469502103,1132895366,1063,13,1089,1065416
2008,01,Aguascalientes,320583000,221498000,130375753,505146667,1177603420,1105,16,1209,1065416
2009,01,Aguascalientes,476498000,205296000,144322728,551366343,1377483071,1293,13,1235,1065416
2010,01,Aguascalientes,496504000,449298764,164036641,610276678,1720116083,1452,12,1277,1184996
2011,01,Aguascalientes,556580000,524420862,197749319,666226634,1944976815,1641,12,1469,1184996
2012,01,Aguascalientes,655249588,715901790,226234926,715938069,2313324373,1952,12,1692,1184996
2013,01,Aguascalientes,836986077,328124842,255519348,746437531,2167067797,1829,14,1694,1184996
2014,01,Aguascalientes,652590243,378108866,270991970,798254688,2099945767,1772,14,1780,1184996
2015,01,Aguascalientes,753498127,422779366,288845589,822402937,2287526018,1743,14,1796,1312544
2016,01,Aguascalientes,743362618,460400268,309836657,852764929,2366364471,1803,15,1950,1312544
2017,01,Aguascalientes,782799969,453786581,334349309,901116079,2472051939,1883,15,2107,1312544
2018,01,Aguascalientes,921516776,710483760,362450269,986716805,2981167610,2271,13,2245,1312544
2019,01,Aguascalientes,1073736875,684775785,400797451,1073096441,3232406552,2463,14,2487,1312544
2004,02,Baja California,953337825,781690525,479753268,2038951066,4253732684,1710,3,798,2487367
2005,02,Baja California,1036449134,722981199,559132188,2257197333,4575759854,1609,4,842,2844469
2006,02,Baja California,1134038433,809916962,592544870,2400620825,4937121090,1736,5,951,2844469
2007,02,Baja California,1280240372,895627619,615385666,2554787560,5346041217,1879,5,1089,2844469
2008,02,Baja California,1326020384,882888332,805009539,2662439989,5676358244,1996,6,1209,2844469
2009,02,Baja California,1250609439,767448369,850003648,2770432613,5638494069,1982,5,1235,2844469
2010,02,Baja California,1380895979,1126097745,813959138,2866412419,6187365281,1961,4,1277,3155070
2011,02,Baja California,1762861136,939141616,937195243,2974762277,6613960272,2096,8,1469,3155070
2012,02,Baja California,2091220860,976043716,1030287824,3085241285,7182793685,2277,8,1692,3155070
2013,02,Baja California,2169076993,842409135,1068570399,3399219167,7479275694,2371,7,1694,3155070
2014,02,Baja California,2322357518,856197225,1057280978,3509541572,7745377293,2455,8,1780,3155070
2015,02,Baja California,2575378947,878570798,1260506850,3908606722,8623063317,2601,6,1796,3315766
2016,02,Baja California,2953581855,1060565947,1423102467,4198905114,9636155383,2906,7,1950,3315766
2017,02,Baja California,3687641436,1121388411,1480086292,4510001728,10799117867,3257,7,2107,3315766
2018,02,Baja California,3875678580,1036498385,1556202808,5059841592,11528221365,3477,7,2245,3315766
2019,02,Baja California,4168785726,1265436752,1596279814,5635909383,12666411675,3820,7,2487,3315766
2004,03,Baja California Sur,120525000,1497000,142143161,293274854,557440015,1315,6,798,424041
2005,03,Baja California Sur,207171952,3252451,144518146,294191860,649134409,1267,6,842,512170
2006,03,Baja California Sur,279907162,49355098,218857529,393073746,941193535,1838,4,951,512170
2007,03,Baja California Sur,345074753,50886798,243273914,521614972,1160850437,2267,3,1089,512170
2008,03,Baja California Sur,379462333,50945000,280194639,512923881,1223525853,2389,3,1209,512170
2009,03,Baja California Sur,354322566,44564991,299704076,506488494,1205080127,2353,3,1235,512170
2010,03,Baja California Sur,362799151,43000643,307665259,509842860,1223307913,1920,5,1277,637026
2011,03,Baja California Sur,410378217,58815787,301744468,549093021,1320031493,2072,9,1469,637026
2012,03,Baja California Sur,578337271,65714885,367083769,582354247,1593490172,2501,5,1692,637026
2013,03,Baja California Sur,627890049,28609800,408014928,604773389,1669288166,2620,4,1694,637026
2014,03,Baja California Sur,589952476,30057641,394776793,618511198,1633298108,2564,6,1780,637026
2015,03,Baja California Sur,628500371,35986754,425514383,670328670,1760330179,2472,8,1796,712029
2016,03,Baja California Sur,762823992,340578411,468233479,763384968,2335020850,3279,4,1950,712029
2017,03,Baja California Sur,916712015,432294992,502049801,848669486,2699726294,3792,4,2107,712029
2018,03,Baja California Sur,975511143,445639144,618230702,850340044,2889721034,4058,4,2245,712029
2019,03,Baja California Sur,1107023833,540654028,699831400,874594937,3222104197,4525,4,2487,712029
2004,04,Campeche,276833000,140842000,51391973,52070824,521137797,755,13,798,690689
2005,04,Campeche,290407000,147256000,54710851,68802625,561176476,744,15,842,754730
2006,04,Campeche,344047000,172908000,55283442,83671082,655909524,869,15,951,754730
2007,04,Campeche,436667000,211523000,61532969,87585064,797308033,1056,14,1089,754730
2008,04,Campeche,473447000,264782000,70102198,99331857,907663055,1203,12,1209,754730
2009,04,Campeche,523963000,263062000,91620386,101953954,980599340,1299,12,1235,754730
2010,04,Campeche,822511379,326010060,79462022,104181042,1332164503,1620,9,1277,822441
2011,04,Campeche,1015611287,618811240,122138120,112701589,1869262236,2273,4,1469,822441
2012,04,Campeche,1116673175,625612565,129363207,123074509,1994723456,2425,7,1692,822441
2013,04,Campeche,1290273144,248467567,143752195,123649101,1806142007,2196,9,1694,822441
2014,04,Campeche,1666980066,387328658,168685904,139480353,2362474980,2873,5,1780,822441
2015,04,Campeche,1893450804,336582591,180109793,151261422,2561404609,2846,5,1796,899931
2016,04,Campeche,1443307591,364522000,181180154,157365709,2146375455,2385,10,1950,899931
2017,04,Campeche,1266327182,522406826,198751995,184923666,2172409669,2414,10,2107,899931
2018,04,Campeche,1263709576,439841776,188385629,202809591,2094746571,2328,11,2245,899931
2019,04,Campeche,1451161946,439500344,207738704,243088264,2341489259,2602,12,2487,899931
2004,05,Coahuila de Zaragoza,364077389,553630404,294501349,832098010,2044307152,890,9,798,2298070
2005,05,Coahuila de Zaragoza,404122412,467096569,310778919,875072798,2057070698,824,13,842,2495200
2006,05,Coahuila de Zaragoza,430561000,568891000,345946078,977523269,2322921347,931,12,951,2495200
2007,05,Coahuila de Zaragoza,495453639,875236947,378771903,1023260229,2772722718,1111,12,1089,2495200
2008,05,Coahuila de Zaragoza,571497094,892106850,394327855,1115098148,2973029947,1191,13,1209,2495200
2009,05,Coahuila de Zaragoza,527977549,778560286,469295612,1143973521,2919806968,1170,14,1235,2495200
2010,05,Coahuila de Zaragoza,686731683,1095447561,532890177,1254632811,3569702232,1299,14,1277,2748391
2011,05,Coahuila de Zaragoza,854159703,948018191,549125249,1304640445,3655943588,1330,14,1469,2748391
2012,05,Coahuila de Zaragoza,2409841771,1351749768,558727741,1366295429,5686614708,2069,10,1692,2748391
2013,05,Coahuila de Zaragoza,2025807094,1879444657,610227933,1337892246,5853371930,2130,10,1694,2748391
2014,05,Coahuila de Zaragoza,2083776621,1549532127,654119704,1519897110,5807325562,2113,10,1780,2748391
2015,05,Coahuila de Zaragoza,2255930845,1696390853,738981714,1660494878,6351798289,2150,9,1796,2954915
2016,05,Coahuila de Zaragoza,2855502614,2448477958,801853391,1755047931,7860881893,2660,8,1950,2954915
2017,05,Coahuila de Zaragoza,1767065121,1591241163,777058114,1902808894,6038173292,2043,13,2107,2954915
2018,05,Coahuila de Zaragoza,1687841299,1479037403,893956749,2020544277,6081379727,2058,15,2245,2954915
2019,05,Coahuila de Zaragoza,2402222210,2878833447,988310050,2198195694,8467561401,2866,10,2487,2954915
2004,06,Colima,24559031,89965520,74423908,201354904,390303363,719,14,798,542627
2005,06,Colima,106758328,207902597,80945438,230188252,625794615,1102,10,842,567996
2006,06,Colima,138067116,140324757,88751797,259459515,626603185,1103,10,951,567996
2007,06,Colima,160189737,158096598,114210254,289611920,722108509,1271,10,1089,567996
2008,06,Colima,169761998,167793297,130082293,298268022,765905610,1348,11,1209,567996
2009,06,Colima,178590103,181016510,156199417,308893811,824699841,1452,9,1235,567996
2010,06,Colima,414124587,191515584,184894065,338826610,1129360846,1736,8,1277,650555
2011,06,Colima,457748812,351837103,226823323,371632881,1408042119,2164,7,1469,650555
2012,06,Colima,509051020,251282988,240122469,356431030,1356887507,2086,9,1692,650555
2013,06,Colima,414802167,285554809,278079746,397759659,1376196381,2115,11,1694,650555
2014,06,Colima,303716919,319137108,298554786,388591474,1310000287,2014,12,1780,650555
2015,06,Colima,289764760,317051062,337321521,401671925,1345809268,1892,12,1796,711235
2016,06,Colima,321596532,346659049,378186888,459139597,1505582066,2117,12,1950,711235
2017,06,Colima,329916701,368472913,394160158,477831724,1570381497,2208,12,2107,711235
2018,06,Colima,362801866,370946498,422279268,468590823,1624618455,2284,12,2245,711235
2019,06,Colima,378696104,398971005,474007688,552141603,1803816400,2536,13,2487,711235
2004,07,Chiapas,445280520,457276640,110161602,231429887,1244148649,317,29,798,3920892
2005,07,Chiapas,483483797,530471542,120196198,252266981,1386418518,323,30,842,4293459
2006,07,Chiapas,559250299,600732342,125808742,262982112,1548773495,361,30,951,4293459
2007,07,Chiapas,616563096,658952303,136199386,279965957,1691680742,394,30,1089,4293459
2008,07,Chiapas,780905500,720217486,159717281,341439055,2002279322,466,29,1209,4293459
2009,07,Chiapas,940905643,1001418100,184103362,388403515,2514830620,586,29,1235,4293459
2010,07,Chiapas,1262242300,920609111,203213345,422343448,2808408204,586,30,1277,4796580
2011,07,Chiapas,1387655152,997721559,224199670,479711761,3089288142,644,30,1469,4796580
2012,07,Chiapas,1186248394,1093422681,252789231,506452122,3038912428,634,30,1692,4796580
2013,07,Chiapas,1517095495,1063684095,286783671,561928753,3429492014,715,30,1694,4796580
2014,07,Chiapas,996403323,1131933039,328653878,626162995,3083153235,643,30,1780,4796580
2015,07,Chiapas,1053101380,1132384956,363804122,646092778,3195383236,612,31,1796,5217908
2016,07,Chiapas,714615103,1254954396,358186440,698756358,3026512298,580,32,1950,5217908
2017,07,Chiapas,667653700,1308410717,377494670,692186614,3045745701,584,32,2107,5217908
2018,07,Chiapas,671362692,1256956627,393082302,678337084,2999738705,575,32,2245,5217908
2019,07,Chiapas,652215214,1409278554,454516250,794571968,3310581987,634,32,2487,5217908
2004,08,Chihuahua,1119399490,1779091184,726769269,1361564218,4986824161,1633,4,798,3052907
2005,08,Chihuahua,1258246217,2005906868,830335875,1369548839,5464037799,1686,3,842,3241444
2006,08,Chihuahua,1437601094,2443258148,893544796,1425603005,6200007043,1913,3,951,3241444
2007,08,Chihuahua,1588494412,2374052667,955282311,1522362287,6440191677,1987,4,1089,3241444
2008,08,Chihuahua,1605369198,2495517017,1043002632,1450584323,6594473170,2034,4,1209,3241444
2009,08,Chihuahua,1562594623,2525492471,1060994939,1583749272,6732831305,2077,4,1235,3241444
2010,08,Chihuahua,1577986682,2607670255,1086669060,1672971285,6945297282,2039,3,1277,3406465
2011,08,Chihuahua,1921755982,2627313825,1151427620,1726771677,7427269104,2180,6,1469,3406465
2012,08,Chihuahua,2237542521,3315988851,1382917581,1729004563,8665453516,2544,4,1692,3406465
2013,08,Chihuahua,2374774315,3321637066,1394019311,1794855678,8885286370,2608,5,1694,3406465
2014,08,Chihuahua,3024114335,3636419724,1568614967,2057453295,10286602321,3020,4,1780,3406465
2015,08,Chihuahua,3515509811,4107320214,1804393828,2266664126,11693887979,3288,4,1796,3556574
2016,08,Chihuahua,3989045366,2712071564,1892958782,2244549004,10838624716,3047,5,1950,3556574
2017,08,Chihuahua,4371470709,2537720928,1781977818,3008672547,11699842002,3290,6,2107,3556574
2018,08,Chihuahua,5097062568,2664068545,1925937187,3339721213,13026789513,3663,6,2245,3556574
2019,08,Chihuahua,5597213708,2812314768,2130848902,3908911639,14449289017,4063,6,2487,3556574
2004,09,Ciudad de México,6632993100,2477854600,6539543594,3290660609,18941051903,2201,1,798,8605239
2005,09,Ciudad de México,7094610900,2804642900,6851896808,3921523521,20672674129,2370,1,842,8720916
2006,09,Ciudad de México,8014462900,3142274400,6680122380,4039756224,21876615904,2509,1,951,8720916
2007,09,Ciudad de México,8585756300,4175627100,6616369686,3984718674,23362471760,2679,2,1089,8720916
2008,09,Ciudad de México,9359900000,3854315000,6692593092,4224257326,24131065418,2767,2,1209,8720916
2009,09,Ciudad de México,9475759500,3339527200,7138524590,4061055577,24014866867,2754,2,1235,8720916
2010,09,Ciudad de México,12353758600,3865867209,7637194591,5361514524,29218334924,3301,1,1277,8851080
2011,09,Ciudad de México,13577079723,4376062277,9067908555,5966802876,32987853431,3727,1,1469,8851080
2012,09,Ciudad de México,20539974576,4542609207,10500657021,6611507424,42194748229,4767,1,1692,8851080
2013,09,Ciudad de México,17987241224,4345048841,10604395616,6400181207,39336866888,4444,1,1694,8851080
2014,09,Ciudad de México,20329282709,4872058688,11755268357,7238666382,44195276137,4993,1,1780,8851080
2015,09,Ciudad de México,22448924947,5293543235,14128090154,7650485745,49521044081,5553,1,1796,8918653
2016,09,Ciudad de México,23998833902,5209684054,14055929836,7696036988,50960484780,5714,1,1950,8918653
2017,09,Ciudad de México,24738039903,5838330024,15423370512,7826892101,53826632540,6035,1,2107,8918653
2018,09,Ciudad de México,26444957817,5878488386,17717936723,8347682022,58389064948,6547,1,2245,8918653
2019,09,Ciudad de México,27066021920,4965423470,19033520431,8107089052,59172054873,6635,1,2487,8918653
2004,10,Durango,175994314,264786883,107481778,263568387,811831362,560,19,798,1448661
2005,10,Durango,183679502,259276996,122849957,319823371,885629826,587,20,842,1509117
2006,10,Durango,345524934,378387770,138698478,326565350,1189176532,788,17,951,1509117
2007,10,Durango,376128588,352524185,149199126,335938159,1213790058,804,19,1089,1509117
2008,10,Durango,398270000,343710000,175042569,368039153,1285061722,852,21,1209,1509117
2009,10,Durango,461320000,515320000,176604844,377140856,1530385700,1014,20,1235,1509117
2010,10,Durango,428244430,346389309,180609305,361850413,1317093457,807,23,1277,1632934
2011,10,Durango,660978989,508622843,195372024,383374476,1748348332,1071,23,1469,1632934
2012,10,Durango,842688290,571127831,229698797,388515986,2032030904,1244,20,1692,1632934
2013,10,Durango,577013228,493595341,232512768,387519960,1690641297,1035,24,1694,1632934
2014,10,Durango,613975649,521125884,263450303,443546593,1842098429,1128,22,1780,1632934
2015,10,Durango,724434685,578382127,290025408,477956192,2070798412,1180,20,1796,1754754
2016,10,Durango,789107323,665721900,316463595,490985878,2262278696,1289,22,1950,1754754
2017,10,Durango,909303141,860687161,337135395,565308166,2672433863,1523,20,2107,1754754
2018,10,Durango,889693582,685844933,372401122,616000539,2563940175,1461,22,2245,1754754
2019,10,Durango,989679452,790759099,416203573,674356886,2870999010,1636,21,2487,1754754
2004,11,Guanajuato,114678853,762766731,645880874,1172163176,2695489634,578,17,798,4663032
2005,11,Guanajuato,891508518,841972765,718437671,1270984519,3722903473,761,14,842,4893812
2006,11,Guanajuato,1177723523,922714099,789951363,1406959045,4297348030,878,14,951,4893812
2007,11,Guanajuato,1313306188,1054220160,903036333,1517832580,4788395261,978,16,1089,4893812
2008,11,Guanajuato,1483717276,1087553867,980621190,1722537208,5274429541,1078,18,1209,4893812
2009,11,Guanajuato,1538983167,1083032772,1071956124,1743824990,5437797053,1111,17,1235,4893812
2010,11,Guanajuato,1679545577,1081651854,1120587011,1884856397,5766640839,1051,20,1277,5486372
2011,11,Guanajuato,1842373936,1101564490,1271011117,2057883479,6272833022,1143,20,1469,5486372
2012,11,Guanajuato,2077807354,1219928173,1362416521,2250183432,6910335480,1260,19,1692,5486372
2013,11,Guanajuato,2265801922,1240667005,1443163997,2385053667,7334686591,1337,16,1694,5486372
2014,11,Guanajuato,1886429625,1317154075,1620277599,2629217496,7453078795,1358,17,1780,5486372
2015,11,Guanajuato,2051863924,1417967410,1717641818,2893957809,8081430962,1381,17,1796,5853677
2016,11,Guanajuato,2287671766,1611633583,1951090951,3214283841,9064680141,1549,16,1950,5853677
2017,11,Guanajuato,2556278133,1795272461,2021935967,3415590214,9789076775,1672,17,2107,5853677
2018,11,Guanajuato,2855051660,1907872658,2130461052,3719247707,10612633077,1813,16,2245,5853677
2019,11,Guanajuato,3492741259,2004153077,2292343149,3831649622,11620887106,1985,16,2487,5853677
2004,12,Guerrero,275300000,100300000,199611532,372739461,947950993,308,30,798,3079649
2005,12,Guerrero,437298600,152359700,267678811,454494295,1311831406,421,25,842,3115202
2006,12,Guerrero,537481300,219353800,296500418,475623693,1528959211,491,26,951,3115202
2007,12,Guerrero,584798700,218498100,357353249,527946755,1688596804,542,26,1089,3115202
2008,12,Guerrero,656446700,200374100,399062361,574666332,1830549493,588,27,1209,3115202
2009,12,Guerrero,889192500,250659100,395129020,585623111,2120603731,681,24,1235,3115202
2010,12,Guerrero,905944661,351616072,436027595,649945286,2343533614,692,26,1277,3388768
2011,12,Guerrero,990221160,235523046,455067616,711318717,2392130540,706,29,1469,3388768
2012,12,Guerrero,1079602850,537919423,463105582,733342559,2813970414,830,29,1692,3388768
2013,12,Guerrero,1027801583,589010175,520419976,742580163,2879811897,850,29,1694,3388768
2014,12,Guerrero,1193728997,338630309,564931241,849559894,2946850440,870,26,1780,3388768
2015,12,Guerrero,1087180687,377153980,581012919,990455217,3035802804,859,28,1796,3533251
2016,12,Guerrero,737760814,248921627,620364935,1103299118,2710346495,767,29,1950,3533251
2017,12,Guerrero,1007537976,335454026,673915653,1103604978,3120512633,883,28,2107,3533251
2018,12,Guerrero,1047025188,426234233,722949003,1178599381,3374807805,955,28,2245,3533251
2019,12,Guerrero,1167911252,391487658,761924976,1241630478,3562954364,1008,29,2487,3533251
2004,13,Hidalgo,257131756,468994862,128998680,264311433,1119436731,501,21,798,2235591
2005,13,Hidalgo,284509500,644331658,142193420,326944896,1397979474,596,19,842,2345514
2006,13,Hidalgo,341427548,703569630,161731015,381105852,1587834045,677,20,951,2345514
2007,13,Hidalgo,392703924,857588206,191674440,416277183,1858243753,792,21,1089,2345514
2008,13,Hidalgo,626645969,897695557,218718130,436097160,2179156816,929,20,1209,2345514
2009,13,Hidalgo,679300000,1007679065,240879634,482001513,2409860212,1027,19,1235,2345514
2010,13,Hidalgo,817799663,1200460536,270738683,531539964,2820538846,1058,19,1277,2665018
2011,13,Hidalgo,777859846,1407982998,275830241,592828188,3054501273,1146,19,1469,2665018
2012,13,Hidalgo,1019573496,1509126517,295889992,617411979,3442001984,1292,18,1692,2665018
2013,13,Hidalgo,933200222,627302776,365240215,641163878,2566907091,963,25,1694,2665018
2014,13,Hidalgo,640290558,474044253,407336165,676782232,2198453208,825,28,1780,2665018
2015,13,Hidalgo,922899268,582657128,434931584,747889350,2688377331,941,25,1796,2858359
2016,13,Hidalgo,783217539,565784392,470225291,807759899,2626987121,919,27,1950,2858359
2017,13,Hidalgo,660346646,764825711,534521635,943676193,2903370184,1016,27,2107,2858359
2018,13,Hidalgo,773724488,1091339882,620288578,1003095076,3488448024,1220,25,2245,2858359
2019,13,Hidalgo,953890971,1002347800,722169736,1056383375,3734791882,1307,24,2487,2858359
2004,14,Jalisco,1370327155,832670547,1139447314,1752069350,5094514366,806,12,798,6322002
2005,14,Jalisco,1503752392,922528650,1226602172,1914911035,5567794249,825,12,842,6752113
2006,14,Jalisco,1655451529,1041717108,1347942247,2136743237,6181854121,916,13,951,6752113
2007,14,Jalisco,1852872918,1125996830,1492428189,2341972438,6813270375,1009,15,1089,6752113
2008,14,Jalisco,2000432485,1220315236,1751783811,2442213548,7414745080,1098,17,1209,6752113
2009,14,Jalisco,2035527124,1206461928,1876095049,2495918569,7614002670,1128,15,1235,6752113
2010,14,Jalisco,2172085801,1386160042,2034090016,2534642166,8126978025,1106,17,1277,7350682
2011,14,Jalisco,2456269074,1481380716,2130990553,2818472826,8887113169,1209,16,1469,7350682
2012,14,Jalisco,2737501352,1983463409,2264456856,2823714063,9809135679,1334,17,1692,7350682
2013,14,Jalisco,2879195053,1988017179,2542640283,3073660342,10483512857,1426,15,1694,7350682
2014,14,Jalisco,3429310638,2329075704,2806771832,3533755045,12098913220,1646,15,1780,7350682
2015,14,Jalisco,3799497403,2508318493,2949676390,3793782946,13051275233,1664,15,1796,7844830
2016,14,Jalisco,4335460397,2760917092,3125567619,4238798156,14460743264,1843,14,1950,7844830
2017,14,Jalisco,4520904197,2946245479,3450149302,4656578284,15573877262,1985,14,2107,7844830
2018,14,Jalisco,4879735212,3240882624,3607779611,4903273478,16631670925,2120,14,2245,7844830
2019,14,Jalisco,5598679724,3838231983,4077661532,5357059179,18871632418,2406,15,2487,7844830
2004,15,México,2423320100,1778476500,1971283369,2453426473,8626506442,659,16,798,13096686
2005,15,México,2612565700,1918273200,2051022853,2607575877,9189437630,656,18,842,14007495
2006,15,México,3117477500,2080990800,2217765237,2795220928,10211454465,729,19,951,14007495
2007,15,México,4963569000,2943117200,2400178126,2768456272,13075320598,933,17,1089,14007495
2008,15,México,5339600000,4581044300,3017949520,3538617986,16477211806,1176,14,1209,14007495
2009,15,México,5538854300,3464697300,3215453506,3466247731,15685252837,1120,16,1235,14007495
2010,15,México,6028562000,3982312900,3769737356,3832368333,17612980589,1161,16,1277,15175862
2011,15,México,6654492000,4888561000,3963190112,4166332365,19672575477,1296,15,1469,15175862
2012,15,México,10159763532,5246984756,4600822412,4358632318,24366203018,1606,15,1692,15175862
2013,15,México,6231667806,3892596196,4738900025,4533171244,19396335270,1278,18,1694,15175862
2014,15,México,7134930350,4671426988,4557473301,4632298714,20996129353,1384,16,1780,15175862
2015,15,México,7427435877,5272905302,4921579874,4865288926,22487209979,1389,16,1796,16187608
2016,15,México,8214380921,6003296934,5058379625,5538020243,24814077723,1533,17,1950,16187608
2017,15,México,8965683167,6133604351,5127299498,5274988360,25501575376,1575,19,2107,16187608
2018,15,México,9849485266,6767758455,5529162707,5475716763,27622123191,1706,17,2245,16187608
2019,15,México,10685946426,8752795317,5698427086,6003933497,31141102326,1924,18,2487,16187608
2004,16,Michoacán de Ocampo,327325101,389435538,233119945,455989120,1405869704,353,26,798,3985667
2005,16,Michoacán de Ocampo,401302268,450858794,269019801,550721554,1671902417,422,24,842,3966073
2006,16,Michoacán de Ocampo,534135629,632404242,289195318,599908837,2055644026,518,23,951,3966073
2007,16,Michoacán de Ocampo,624551387,943926541,323173731,651711266,2543362925,641,24,1089,3966073
2008,16,Michoacán de Ocampo,619626684,723610491,438035480,663836520,2445109175,617,24,1209,3966073
2009,16,Michoacán de Ocampo,741150142,716805014,511189246,707744204,2676888606,675,25,1235,3966073
2010,16,Michoacán de Ocampo,741571265,758442884,544704737,774442410,2819161296,648,28,1277,4351037
2011,16,Michoacán de Ocampo,917755180,820421767,586590666,842855292,3167622905,728,28,1469,4351037
2012,16,Michoacán de Ocampo,1269946673,1446831565,625179733,887130285,4229088256,972,27,1692,4351037
2013,16,Michoacán de Ocampo,1180760894,1171491261,691312467,938474169,3982038791,915,26,1694,4351037
2014,16,Michoacán de Ocampo,678727005,1247669242,678318241,976618400,3581332888,823,29,1780,4351037
2015,16,Michoacán de Ocampo,624837616,1276870280,771311042,1069830312,3742849250,816,29,1796,4584471
2016,16,Michoacán de Ocampo,758254243,1838191442,821542950,1192986880,4610975515,1006,25,1950,4584471
2017,16,Michoacán de Ocampo,666868332,1852351416,901429965,1260270526,4680920239,1021,26,2107,4584471
2018,16,Michoacán de Ocampo,810585887,1917841751,1015235685,1330051762,5073715084,1107,26,2245,4584471
2019,16,Michoacán de Ocampo,1354660027,1940790444,1116994822,1430328957,5842774250,1274,25,2487,4584471
2004,17,Morelos,77918000,180094000,166889297,225131236,650032533,418,24,798,1555296
2005,17,Morelos,109543000,272497000,181097613,239556014,802693627,498,22,842,1612899
2006,17,Morelos,117069000,275505000,197840726,193541697,783956423,486,27,951,1612899
2007,17,Morelos,232122000,325415000,267426170,264594106,1089557276,676,23,1089,1612899
2008,17,Morelos,321504000,380532000,284471811,295283398,1281791209,795,22,1209,1612899
2009,17,Morelos,310733000,325151000,296313120,344613707,1276810827,792,23,1235,1612899
2010,17,Morelos,366896000,339372000,324907245,344205738,1375380983,774,24,1277,1777227
2011,17,Morelos,371708000,329006000,349934845,395673434,1446322279,814,27,1469,1777227
2012,17,Morelos,458814000,370698000,349549917,379490391,1558552308,877,28,1692,1777227
2013,17,Morelos,577596000,426012000,423465418,478254427,1905327844,1072,22,1694,1777227
2014,17,Morelos,559085073,536278000,492436324,514618882,2102418279,1183,19,1780,1777227
2015,17,Morelos,595180556,354220108,503414944,536150943,1988966551,1045,23,1796,1903811
2016,17,Morelos,511930899,639873655,545551002,596890406,2294245961,1205,23,1950,1903811
2017,17,Morelos,501322576,755602368,550461017,665345268,2472731229,1299,23,2107,1903811
2018,17,Morelos,521921940,852986974,595443582,666037025,2636389521,1385,23,2245,1903811
2019,17,Morelos,546660605,1070857434,592058794,729741316,2939318149,1544,23,2487,1903811
2004,18,Nayarit,195590935,114633789,84411919,94967180,489603823,532,20,798,920185
2005,18,Nayarit,204895124,97285567,81174984,100946110,484301785,510,21,842,949684
2006,18,Nayarit,232866377,123454195,93868954,124224665,574414191,605,21,951,949684
2007,18,Nayarit,298392171,175728602,108900601,177949198,760970572,801,20,1089,949684
2008,18,Nayarit,327588037,482312711,114900939,173212661,1098014348,1156,15,1209,949684
2009,18,Nayarit,323471964,364785035,122780034,184656975,995694008,1048,18,1235,949684
2010,18,Nayarit,466092356,540304210,153300457,207197227,1366894250,1260,15,1277,1084979
2011,18,Nayarit,572261120,208388862,156432701,227469651,1164552334,1073,22,1469,1084979
2012,18,Nayarit,576339746,204446491,190659503,258287406,1229733146,1133,24,1692,1084979
2013,18,Nayarit,650656624,286300600,187818571,318810456,1443586250,1331,17,1694,1084979
2014,18,Nayarit,546037494,208294122,189146473,275217285,1218695373,1123,23,1780,1084979
2015,18,Nayarit,615497308,213446645,217068129,332231694,1378243776,1167,21,1796,1181050
2016,18,Nayarit,751433347,330484246,243469654,288427423,1613814670,1366,20,1950,1181050
2017,18,Nayarit,667080439,263092325,271008615,464758438,1665939818,1411,21,2107,1181050
2018,18,Nayarit,725099103,318378521,301861417,385268997,1730608037,1465,21,2245,1181050
2019,18,Nayarit,769110432,365305187,361652951,433964335,1930032905,1634,22,2487,1181050
2004,19,Nuevo León,1664663000,951299000,971711122,2013339661,5601012783,1461,5,798,3834141
2005,19,Nuevo León,1873604000,1398562000,1099149120,2168180580,6539495700,1557,5,842,4199292
2006,19,Nuevo León,2105962000,369007000,1163630305,2234087380,5872686685,1398,6,951,4199292
2007,19,Nuevo León,2304472000,405951000,1256253583,2262827930,6229504513,1483,7,1089,4199292
2008,19,Nuevo León,2607403000,1925050000,1317970995,2681349659,8531773654,2032,5,1209,4199292
2009,19,Nuevo León,2474617000,1386638000,1369208419,2947107780,8177571199,1947,6,1235,4199292
2010,19,Nuevo León,2674355706,1426351732,1501886570,2971380036,8573974044,1842,7,1277,4653458
2011,19,Nuevo León,4675089000,2598297677,1683058212,3705015011,12661459900,2721,3,1469,4653458
2012,19,Nuevo León,5304457047,1710794093,1849886447,3909413931,12774551518,2745,3,1692,4653458
2013,19,Nuevo León,6151434373,2059208903,2141009139,3943301969,14294954385,3072,3,1694,4653458
2014,19,Nuevo León,6727114876,2411478467,2178859840,4243010374,15560463556,3344,3,1780,4653458
2015,19,Nuevo León,7546521695,2822368015,2237210684,4492986270,17099086663,3340,3,1796,5119504
2016,19,Nuevo León,7838606898,3319143023,2602294879,5030871614,18790916414,3670,3,1950,5119504
2017,19,Nuevo León,8678056478,3642195555,3135538344,5511672842,20967463219,4096,3,2107,5119504
2018,19,Nuevo León,9018688150,4239311026,3314378996,5641691565,22214069738,4339,3,2245,5119504
2019,19,Nuevo León,9704497621,4974376385,3470514482,6303322283,24452710771,4776,3,2487,5119504
2004,20,Oaxaca,130965000,411910000,85122150,128094074,756091224,220,32,798,3438765
2005,20,Oaxaca,179609000,533911000,98008670,141506141,953034811,272,32,842,3506821
2006,20,Oaxaca,246047000,494065000,109789616,154781256,1004682872,286,32,951,3506821
2007,20,Oaxaca,259957000,589274000,125205171,170930717,1145366888,327,32,1089,3506821
2008,20,Oaxaca,296093000,610170000,145291519,182604613,1234159132,352,32,1209,3506821
2009,20,Oaxaca,352160000,765535000,154020176,190361831,1462077007,417,32,1235,3506821
2010,20,Oaxaca,348059337,860246087,166072276,197571112,1571948812,413,32,1277,3801962
2011,20,Oaxaca,545544867,816388954,173837826,207582480,1743354126,459,32,1469,3801962
2012,20,Oaxaca,810414114,1177693247,185279695,217522154,2390909210,629,31,1692,3801962
2013,20,Oaxaca,1023639889,907196420,198400467,238111076,2367347852,623,31,1694,3801962
2014,20,Oaxaca,727466295,949631167,224788667,256536526,2158422655,568,32,1780,3801962
2015,20,Oaxaca,732026219,1124388287,249005967,267070770,2372491243,598,32,1796,3967889
2016,20,Oaxaca,783192932,1201749643,276231661,276645127,2537819363,640,31,1950,3967889
2017,20,Oaxaca,834984531,1227401023,312410965,304346916,2679143435,675,31,2107,3967889
2018,20,Oaxaca,912646202,1499184475,343412109,332999024,3088241810,778,31,2245,3967889
2019,20,Oaxaca,976411472,1569724936,322467750,230755401,3099359559,781,31,2487,3967889
2004,21,Puebla,441233200,416557900,259431804,573620333,1690843237,333,28,798,5076686
2005,21,Puebla,496591900,506748200,323371319,658751163,1985462582,369,28,842,5383133
2006,21,Puebla,778618400,835855700,338007031,693564561,2646045692,492,25,951,5383133
2007,21,Puebla,981111500,791590700,366411293,714028875,2853142368,530,27,1089,5383133
2008,21,Puebla,1064578000,897790500,418957937,790235169,3171561606,589,26,1209,5383133
2009,21,Puebla,1017074700,929996100,468526660,849999077,3265596537,607,28,1235,5383133
2010,21,Puebla,1161329100,1101635600,499229268,870317058,3632511026,628,29,1277,5779829
2011,21,Puebla,2219938300,1293727100,565877853,872817646,4952360899,857,26,1469,5779829
2012,21,Puebla,2736067543,2073299456,667975799,993112329,6470455126,1119,25,1692,5779829
2013,21,Puebla,1626749845,1441351496,828050774,1110627286,5006779401,866,27,1694,5779829
2014,21,Puebla,1949261670,2144698973,843213136,1236979375,6174153154,1068,25,1780,5779829
2015,21,Puebla,2059705489,1706598375,963991175,1335187185,6065482225,983,24,1796,6168883
2016,21,Puebla,2186106736,1846806350,1133220925,1437547613,6603681624,1070,24,1950,6168883
2017,21,Puebla,2393958678,1920560165,1082984596,1542325696,6939829136,1125,24,2107,6168883
2018,21,Puebla,2623537718,2312090536,1102921594,1667957189,7706507037,1249,24,2245,6168883
2019,21,Puebla,2442911290,2106682770,1229244297,1751818720,7530657076,1221,26,2487,6168883
2004,22,Querétaro,105447994,193248930,298504691,622391125,1219592740,868,10,798,1404306
2005,22,Querétaro,562906244,276777242,381930348,690180411,1911794245,1196,7,842,1598139
2006,22,Querétaro,776979458,277420011,414362288,756126773,2224888530,1392,7,951,1598139
2007,22,Querétaro,855090226,319846650,558206393,889425833,2622569102,1641,6,1089,1598139
2008,22,Querétaro,997541489,475063937,570258546,945729722,2988593694,1870,7,1209,1598139
2009,22,Querétaro,999710295,409472370,574926964,902216078,2886325707,1806,7,1235,1598139
2010,22,Querétaro,1531529210,456053687,588452762,915899437,3491935096,1910,6,1277,1827937
2011,22,Querétaro,1764126976,520021386,693845865,1049008011,4027002238,2203,5,1469,1827937
2012,22,Querétaro,1995650181,626961493,745000250,1137862260,4505474184,2465,6,1692,1827937
2013,22,Querétaro,1741714333,656485164,902020324,1358125110,4658344931,2548,6,1694,1827937
2014,22,Querétaro,1509373450,689789089,1023538578,1432095131,4654796248,2546,7,1780,1827937
2015,22,Querétaro,1548643101,979566184,1130889117,1563580895,5222679297,2562,7,1796,2038372
2016,22,Querétaro,1734934977,1107653656,1534085629,1686320298,6062994560,2974,6,1950,2038372
2017,22,Querétaro,1967430566,1315176700,1782838350,1842242615,6907688231,3389,5,2107,2038372
2018,22,Querétaro,2210351971,1418134802,1898517038,2092277986,7619281797,3738,5,2245,2038372
2019,22,Querétaro,2433811876,1515341379,2240317571,2250376525,8439847351,4140,5,2487,2038372
2004,23,Quintana Roo,436255000,328162000,464588682,652687999,1881693681,2151,2,798,874963
2005,23,Quintana Roo,469760000,412067000,520945297,775604635,2178376932,1919,2,842,1135309
2006,23,Quintana Roo,520346000,516890000,660345802,817222166,2514803968,2215,2,951,1135309
2007,23,Quintana Roo,674396000,751369000,796506988,858578895,3080850883,2714,1,1089,1135309
2008,23,Quintana Roo,800739000,705458000,844706076,888271109,3239174185,2853,1,1209,1135309
2009,23,Quintana Roo,771998626,552166467,910586462,948190937,3182942492,2804,1,1235,1135309
2010,23,Quintana Roo,932976173,579706041,959340747,944503204,3416526165,2577,2,1277,1325578
2011,23,Quintana Roo,997045000,480842000,989628217,1141175789,3608691006,2722,2,1469,1325578
2012,23,Quintana Roo,1198214311,582217813,1097576004,1319819829,4197827957,3167,2,1692,1325578
2013,23,Quintana Roo,1381888488,629018152,1322778760,1390763764,4724449164,3564,2,1694,1325578
2014,23,Quintana Roo,1797022141,844889813,1416326459,1625470456,5683708869,4288,2,1780,1325578
2015,23,Quintana Roo,2156158256,845022278,1533553172,1728603985,6263337691,4171,2,1796,1501562
2016,23,Quintana Roo,2490692544,1016103499,1578241510,1893368102,6978405655,4647,2,1950,1501562
2017,23,Quintana Roo,3057738756,1322510610,1529134492,2165446374,8074830231,5378,2,2107,1501562
2018,23,Quintana Roo,3451042373,1479775125,1355631425,2383326091,8669775014,5774,2,2245,1501562
2019,23,Quintana Roo,3814617907,1495260154,1684511195,2719025583,9713414839,6469,2,2487,1501562
2004,24,San Luis Potosí,213953000,428390000,137721150,291789563,1071853713,466,23,798,2299360
2005,24,San Luis Potosí,238182000,267858000,166327219,274497238,946864457,393,27,842,2410414
2006,24,San Luis Potosí,270235000,230167000,170593975,358363890,1029359865,427,28,951,2410414
2007,24,San Luis Potosí,388186000,423733000,205810918,364342880,1382072798,573,25,1089,2410414
2008,24,San Luis Potosí,564503000,308017000,213105899,394427623,1480053522,614,25,1209,2410414
2009,24,San Luis Potosí,560322000,305811000,232257483,415208730,1513599213,628,27,1235,2410414
2010,24,San Luis Potosí,610155561,1404808531,313393103,485590290,2813947485,1088,18,1277,2585518
2011,24,San Luis Potosí,648354721,1526143993,326989246,511410171,3012898132,1165,18,1469,2585518
2012,24,San Luis Potosí,1065783893,1514737143,326644086,612293499,3519458622,1361,16,1692,2585518
2013,24,San Luis Potosí,1339731529,895021978,403529913,544278851,3182562271,1231,19,1694,2585518
2014,24,San Luis Potosí,1252738537,599802997,396416974,755425786,3004384294,1162,20,1780,2585518
2015,24,San Luis Potosí,1028796952,805045771,388980174,876656240,3099479138,1140,22,1796,2717820
2016,24,San Luis Potosí,1241286783,1108159679,424845115,1077915973,3852207550,1417,19,1950,2717820
2017,24,San Luis Potosí,1353015829,1163987951,417111360,892270014,3826385154,1408,22,2107,2717820
2018,24,San Luis Potosí,1512952487,1221771297,475928126,975240817,4185892727,1540,19,2245,2717820
2019,24,San Luis Potosí,1643024403,1358556537,548730861,1252118197,4802429998,1767,20,2487,2717820
2004,25,Sinaloa,236613811,596651941,392635248,847986931,2073887931,818,11,798,2536844
2005,25,Sinaloa,255513185,675729807,429059280,953282755,2313585027,887,11,842,2608442
2006,25,Sinaloa,294329000,833100944,488389801,1072537578,2688357323,1031,11,951,2608442
2007,25,Sinaloa,344103478,890450500,598712267,1198044077,3031310322,1162,11,1089,2608442
2008,25,Sinaloa,466000000,1213000000,765293571,1304252335,3748545906,1437,10,1209,2608442
2009,25,Sinaloa,524774425,1193458140,812573912,1378173152,3908979629,1499,8,1235,2608442
2010,25,Sinaloa,555651583,1269111279,855209577,1397033459,4077005898,1473,11,1277,2767761
2011,25,Sinaloa,1024526409,1279622484,887905132,1389548386,4581602411,1655,11,1469,2767761
2012,25,Sinaloa,1256591181,1760663682,1016422074,1622298393,5655975330,2044,11,1692,2767761
2013,25,Sinaloa,1049830194,1452077331,1181222758,1734677529,5417807812,1957,13,1694,2767761
2014,25,Sinaloa,1089312495,1571680265,1172474480,1857935646,5691402886,2056,11,1780,2767761
2015,25,Sinaloa,1224962476,1706629844,1269226419,1969850221,6170668960,2080,11,1796,2966321
2016,25,Sinaloa,1427133192,1918124500,1336388462,1906700014,6588346169,2221,11,1950,2966321
2017,25,Sinaloa,2062820515,1931917913,1415864388,2045468288,7456071103,2514,9,2107,2966321
2018,25,Sinaloa,1795901140,2601927543,1585022431,2003615978,7986467092,2692,9,2245,2966321
2019,25,Sinaloa,2078089375,2842579134,1579825772,2116889341,8617383622,2905,9,2487,2966321
2004,26,Sonora,557753400,353856300,414337842,870076012,2196023554,991,8,798,2216969
2005,26,Sonora,633426142,635957357,444445966,944733656,2658563121,1110,9,842,2394861
2006,26,Sonora,683226600,540358300,496474822,975016634,2695076356,1125,9,951,2394861
2007,26,Sonora,799905600,609235700,554678618,1081222687,3045042605,1271,9,1089,2394861
2008,26,Sonora,851921763,769927089,630837777,1199305126,3451991755,1441,9,1209,2394861
2009,26,Sonora,825599186,637880408,628725623,1289241403,3381446619,1412,10,1235,2394861
2010,26,Sonora,882061584,678035915,686811295,1336613370,3583522164,1346,13,1277,2662480
2011,26,Sonora,1324244973,1020388943,739659208,1370072561,4454365685,1673,10,1469,2662480
2012,26,Sonora,1449947547,841366084,788776527,1426780543,4506870701,1693,14,1692,2662480
2013,26,Sonora,2325594722,1045246518,783151780,1758297141,5912290161,2221,8,1694,2662480
2014,26,Sonora,2143332231,1285377606,793851661,1715619132,5938180630,2230,9,1780,2662480
2015,26,Sonora,2162984809,1258291307,881160599,1775935282,6078371996,2133,10,1796,2850330
2016,26,Sonora,2482447461,1550137570,916470839,1971704344,6920760214,2428,9,1950,2850330
2017,26,Sonora,2819672739,1523133709,975140435,2035842249,7353789132,2580,8,2107,2850330
2018,26,Sonora,3082459540,1693684861,1052601655,2040854310,7869600366,2761,8,2245,2850330
2019,26,Sonora,3478981285,2052897251,1045974100,2242156270,8820008906,3094,8,2487,2850330
2004,27,Tabasco,181826429,184563994,71249907,69472475,507112805,268,31,798,1891829
2005,27,Tabasco,212325310,215576746,86322672,98752294,612977022,308,31,842,1989969
2006,27,Tabasco,246073405,239349925,99164567,127733102,712320999,358,31,951,1989969
2007,27,Tabasco,255662168,235046557,147156678,102535295,740400698,372,31,1089,1989969
2008,27,Tabasco,252475440,263841493,175382355,111616376,803315664,404,31,1209,1989969
2009,27,Tabasco,330551885,352720159,182050211,121322888,986645143,496,30,1235,1989969
2010,27,Tabasco,737169641,487198744,174752346,117472927,1516593658,677,27,1277,2238603
2011,27,Tabasco,1514180367,593037200,197176956,139167137,2443561660,1092,21,1469,2238603
2012,27,Tabasco,1657188900,596991695,214064874,191311354,2659556822,1188,23,1692,2238603
2013,27,Tabasco,1789810638,482471649,225924978,133545688,2631752953,1176,21,1694,2238603
2014,27,Tabasco,1413949913,596629595,246378185,148670954,2405628646,1075,24,1780,2238603
2015,27,Tabasco,1206474715,620726749,237841968,147794481,2212837913,924,26,1796,2395272
2016,27,Tabasco,1029264480,621209589,287541525,151292591,2089308186,872,28,1950,2395272
2017,27,Tabasco,1013470997,595296193,311825767,156041428,2076634385,867,29,2107,2395272
2018,27,Tabasco,1125533433,574845803,233292499,129651815,2063323550,861,30,2245,2395272
2019,27,Tabasco,1206042310,762043752,294487944,154486733,2417060739,1009,28,2487,2395272
2004,28,Tamaulipas,762897000,881773000,380893871,1373866424,3399430295,1235,7,798,2753222
2005,28,Tamaulipas,808944000,785358000,419348496,1527650463,3541300959,1171,8,842,3024238
2006,28,Tamaulipas,936270215,898015424,434744050,1569222125,3838251814,1269,8,951,3024238
2007,28,Tamaulipas,1007768555,1147451731,459675664,1643415140,4258311090,1408,8,1089,3024238
2008,28,Tamaulipas,1171066186,1065898947,491057917,1772723179,4500746229,1488,8,1209,3024238
2009,28,Tamaulipas,1071932527,970961892,498456702,1701664734,4243015855,1403,11,1235,3024238
2010,28,Tamaulipas,1142099592,1315171981,586224669,1814286942,4857783184,1486,10,1277,3268554
2011,28,Tamaulipas,1322825856,1201188471,580219250,1994947515,5099181092,1560,13,1469,3268554
2012,28,Tamaulipas,1691152042,1487375993,620483291,2187560558,5986571884,1832,13,1692,3268554
2013,28,Tamaulipas,2180766172,1595822062,640413072,2202188074,6619189380,2025,12,1694,3268554
2014,28,Tamaulipas,1942039588,1472370474,658172978,2251960997,6324544037,1935,13,1780,3268554
2015,28,Tamaulipas,2011501061,1463846499,660429256,2328770561,6464547377,1878,13,1796,3441698
2016,28,Tamaulipas,2122374532,1864221203,645581538,2464380549,7096557822,2062,13,1950,3441698
2017,28,Tamaulipas,2969720755,1692455382,649457570,2721404027,8033037734,2334,11,2107,3441698
2018,28,Tamaulipas,3428085627,1585620304,697094908,2813615038,8524415878,2477,10,2245,3441698
2019,28,Tamaulipas,3679429962,2089070654,744532134,3001241804,9514274555,2764,11,2487,3441698
2004,29,Tlaxcala,113438976,115666232,27329699,72948220,329383127,342,27,798,962646
2005,29,Tlaxcala,121883614,122843238,32806112,78572442,356105406,333,29,842,1068207
2006,29,Tlaxcala,137792567,176272742,37132973,89432813,440631095,412,29,951,1068207
2007,29,Tlaxcala,134985223,158087865,41249039,89889655,424211782,397,29,1089,1068207
2008,29,Tlaxcala,152795310,193022810,42911929,96327296,485057345,454,30,1209,1068207
2009,29,Tlaxcala,137426476,179829575,48841875,101625207,467723133,438,31,1235,1068207
2010,29,Tlaxcala,147188535,194908444,49942283,104205409,496244671,424,31,1277,1169936
2011,29,Tlaxcala,228307277,207684285,57470833,118756468,612218863,523,31,1469,1169936
2012,29,Tlaxcala,211221390,262669101,64275591,135917576,674083658,576,32,1692,1169936
2013,29,Tlaxcala,219152198,244869161,61142791,126524651,651688801,557,32,1694,1169936
2014,29,Tlaxcala,198111977,338537597,72415611,136441780,745506966,637,31,1780,1169936
2015,29,Tlaxcala,282183662,388512538,77570196,143653717,891920112,701,30,1796,1272847
2016,29,Tlaxcala,278564293,391182159,77841219,155327160,902914832,709,30,1950,1272847
2017,29,Tlaxcala,368303326,401037107,96731750,171241489,1037313672,815,30,2107,1272847
2018,29,Tlaxcala,458348458,428992840,117328188,180761073,1185430558,931,29,2245,1272847
2019,29,Tlaxcala,473204195,391106976,139191134,210932673,1214434978,954,30,2487,1272847
2004,30,Veracruz de Ignacio de la Llave,1006803928,970725973,510082287,907184160,3394796348,491,22,798,6908975
2005,30,Veracruz de Ignacio de la Llave,1070464373,599198329,522126713,972677935,3164467350,445,23,842,7110214
2006,30,Veracruz de Ignacio de la Llave,1231373377,729366774,609026047,1096414083,3666180281,516,24,951,7110214
2007,30,Veracruz de Ignacio de la Llave,1292327871,1833874129,559384837,1220962194,4906549031,690,22,1089,7110214
2008,30,Veracruz de Ignacio de la Llave,1344200000,2208500000,609741816,1356446692,5518888508,776,23,1209,7110214
2009,30,Veracruz de Ignacio de la Llave,1506100000,3006800000,665918180,1471744666,6650562846,935,22,1235,7110214
2010,30,Veracruz de Ignacio de la Llave,1604100000,3183400000,639563692,1550411293,6977474985,913,21,1277,7643194
2011,30,Veracruz de Ignacio de la Llave,2007889668,2647543678,729433229,1668308809,7053175384,923,25,1469,7643194
2012,30,Veracruz de Ignacio de la Llave,3045449709,3776048795,776102736,1786042550,9383643790,1228,21,1692,7643194
2013,30,Veracruz de Ignacio de la Llave,2743901254,1072937407,797079266,1956868289,6570786216,860,28,1694,7643194
2014,30,Veracruz de Ignacio de la Llave,2651055892,1142006311,832698658,2018796392,6644557253,869,27,1780,7643194
2015,30,Veracruz de Ignacio de la Llave,2652788555,1569515231,910813884,2156785551,7289903221,899,27,1796,8112505
2016,30,Veracruz de Ignacio de la Llave,3149181351,1572141927,924367192,2240133282,7885823751,972,26,1950,8112505
2017,30,Veracruz de Ignacio de la Llave,3462387396,1674419855,926713675,2242450293,8305971219,1024,25,2107,8112505
2018,30,Veracruz de Ignacio de la Llave,3559538746,1632734696,949674630,2348858738,8490806810,1047,27,2245,8112505
2019,30,Veracruz de Ignacio de la Llave,3804101133,1727324928,1022980726,2533095215,9087502001,1120,27,2487,8112505
2004,31,Yucatán,232091596,142294639,113850562,148989282,637226079,384,25,798,1658210
2005,31,Yucatán,260057633,142739498,120181896,196281630,719260657,395,26,842,1818948
2006,31,Yucatán,346386611,240355826,142141501,235434750,964318688,530,22,951,1818948
2007,31,Yucatán,353918893,197285813,170103320,239309113,960617139,528,28,1089,1818948
2008,31,Yucatán,377149401,228646924,215206925,245617618,1066620868,586,28,1209,1818948
2009,31,Yucatán,416255082,225076369,236873565,265170521,1143375537,629,26,1235,1818948
2010,31,Yucatán,670429318,198696092,246826298,270233582,1386185290,709,25,1277,1955577
2011,31,Yucatán,938929227,389568185,253448032,292618801,1874564245,959,24,1469,1955577
2012,31,Yucatán,1130268070,484312988,264778179,300406787,2179766024,1115,26,1692,1955577
2013,31,Yucatán,1182223781,304228326,290227862,317655412,2094335381,1071,23,1694,1955577
2014,31,Yucatán,1173607657,434530497,329612044,329254130,2267004328,1159,21,1780,1955577
2015,31,Yucatán,1261909738,689768965,372660841,333823188,2658162732,1267,18,1796,2097175
2016,31,Yucatán,1312890741,870907889,454145780,359794174,2997738584,1429,18,1950,2097175
2017,31,Yucatán,1412925938,1299332443,488976236,391597684,3592832301,1713,16,2107,2097175
2018,31,Yucatán,1459182169,1015702760,541227892,398343819,3414456641,1628,18,2245,2097175
2019,31,Yucatán,1650975881,1347895991,635943265,442644354,4077459490,1944,17,2487,2097175
2004,32,Zacatecas,141851526,233407807,122973573,283948789,782181695,578,18,798,1353610
2005,32,Zacatecas,167665432,261827271,161916122,325759633,917168458,671,17,842,1367692
2006,32,Zacatecas,196749827,270898668,217443773,365429504,1050521772,768,18,951,1367692
2007,32,Zacatecas,231631566,315370593,235351474,401457548,1183811181,866,18,1089,1367692
2008,32,Zacatecas,273454733,413015432,238542293,451168246,1376180704,1006,19,1209,1367692
2009,32,Zacatecas,248603795,334737835,243111518,460992215,1287445363,941,21,1235,1367692
2010,32,Zacatecas,266806715,347080271,246857451,476960029,1337704466,897,22,1277,1490668
2011,32,Zacatecas,308009311,674517986,270604539,497223826,1750355662,1174,17,1469,1490668
2012,32,Zacatecas,475627594,428457914,307459067,562351686,1773896260,1190,22,1692,1490668
2013,32,Zacatecas,503813607,390611881,319552221,577214607,1791192316,1202,20,1694,1490668
2014,32,Zacatecas,442717540,422115183,344272389,614935936,1824041048,1224,18,1780,1490668
2015,32,Zacatecas,375551421,464564891,384280524,673855806,1898252642,1202,19,1796,1579209
2016,32,Zacatecas,424203835,515489448,392032795,728186460,2059912538,1304,21,1950,1579209
2017,32,Zacatecas,826499545,589465508,405905015,748622875,2570492943,1628,18,2107,1579209
2018,32,Zacatecas,951306466,659584251,304476371,483057671,2398424759,1519,20,2245,1579209
2019,32,Zacatecas,1099736993,764856299,417900506,546479704,2828973502,1791,19,2487,1579209
